asset,exchange,rate_%,next_funding,fetched_at,signal,spread_%
BTC,OKX,-0.000789,16:00 UTC,2026-10-08T08:18:22.730841+00:00,⚪ NORMAL,
ETH,OKX,0.000116,16:00 UTC,2026-10-08T08:18:22.879258+00:00,⚪ NORMAL,
SOL,OKX,-0.000721,16:00 UTC,2026-10-08T08:18:23.022806+00:00,⚪ NORMAL,
BNB,OKX,0.01,16:00 UTC,2026-10-08T08:18:23.164604+00:00,⚪ NORMAL,
XRP,OKX,-2.9e-05,16:00 UTC,2026-10-08T08:18:23.318386+00:00,⚪ NORMAL,
DOGE,OKX,-0.000323,16:00 UTC,2026-10-08T08:18:23.472383+00:00,⚪ NORMAL,
AVAX,OKX,-0.015999,16:00 UTC,2026-10-08T08:18:23.621936+00:00,🔵 LOW NEGATIVE,
LINK,OKX,0.00264,16:00 UTC,2026-10-08T08:18:23.771247+00:00,⚪ NORMAL,
ARB,OKX,0.002924,16:00 UTC,2026-10-08T08:18:23.924970+00:00,⚪ NORMAL,
OP,OKX,-0.003166,16:00 UTC,2026-10-08T08:18:24.071456+00:00,⚪ NORMAL,
